{"cameraMode":{"drawMode":0,"name":"Shaded","section":"Shading Mode"},"sceneLighting":true,"audioPlay":false,"sceneViewState":{"m_AlwaysRefresh":false,"showFog":true,"showSkybox":true,"showFlares":true,"showImageEffects":true,"showParticleSystems":true,"showVisualEffectGraphs":true,"m_FxEnabled":true},"in2DMode":false,"pivot":{"x":-0.07083171606063843,"y":2.463402271270752,"z":3.7242043018341066},"rotation":{"x":-0.08657621592283249,"y":-0.6479615569114685,"z":0.07427708804607392,"w":-0.7531872987747192},"size":4.154436111450195,"orthographic":false}