{"cameraMode":{"drawMode":0,"name":"Shaded","section":"Shading Mode"},"sceneLighting":true,"audioPlay":false,"sceneViewState":{"m_AlwaysRefresh":false,"showFog":true,"showSkybox":true,"showFlares":true,"showImageEffects":true,"showParticleSystems":true,"showVisualEffectGraphs":true,"m_FxEnabled":true},"in2DMode":false,"pivot":{"x":-0.3557039499282837,"y":2.0414974689483644,"z":5.7624311447143559},"rotation":{"x":-0.10191502422094345,"y":-0.5562285780906677,"z":0.06887974590063095,"w":-0.8219633102416992},"size":5.502647399902344,"orthographic":false}