{"cameraMode":{"drawMode":0,"name":"Shaded","section":"Shading Mode"},"sceneLighting":true,"audioPlay":false,"sceneViewState":{"m_AlwaysRefresh":false,"showFog":true,"showSkybox":true,"showFlares":true,"showImageEffects":true,"showParticleSystems":true,"showVisualEffectGraphs":true,"m_FxEnabled":true},"in2DMode":false,"pivot":{"x":1.0449864864349366,"y":1.734043836593628,"z":9.959478378295899},"rotation":{"x":-0.058997903019189838,"y":-0.29583266377449038,"z":0.018313296139240266,"w":-0.953292191028595},"size":2.674351453781128,"orthographic":false}