{"cameraMode":{"drawMode":0,"name":"Shaded","section":"Shading Mode"},"sceneLighting":true,"audioPlay":false,"sceneViewState":{"m_AlwaysRefresh":false,"showFog":true,"showSkybox":true,"showFlares":true,"showImageEffects":true,"showParticleSystems":true,"showVisualEffectGraphs":true,"m_FxEnabled":true},"in2DMode":false,"pivot":{"x":2.098580837249756,"y":1.9844346046447755,"z":5.6859002113342289},"rotation":{"x":-0.00371873308904469,"y":-0.6360904574394226,"z":0.003050966188311577,"w":-0.7716419100761414},"size":5.452542781829834,"orthographic":false}